date,ele_pro,ele,operating_reserve,5,emp,life,8,9,10,11,12,13,14,15,16,17,TC,19,20,21,22,23,24,25,26,27,28,29,30,31,32,33,34,35,36,37,38,39,40,41,42,43,44,45,zintao1,47,star,chia,FD,51,52,53,54,55,56,57,58,59,60,61,DG,MT,64,65,66,67,68,69,70,sun
20210101,28487,25720,2767,10.76,311.468,212.061,0,0,98.4,0,94.8,94.6,76,0,76.1,0,47.5,0,46.9,0,48.2,43,43.5,42.6,0,0,23.1,25.4,0,76,76.2,0,0,0,45.6,57.6,80.9,353.8,335.8,170.8,114.6,98.4,45.9,48.9,0,0,0,0,53.5,26.3,0,11.5,3.1,2.9,2.3,2.3,0,0,0.6,0,50.4,65.6,5.8,1.5,2.4,2.5,0,14.9,30.6,0
20210102,28421,25485,2936,11.52,304.952,207.625,0,0,98.4,0,94.8,94.6,75.8,0,76,0,42.5,0,42.2,0,38.4,33.4,34.3,37.7,0,0,23.2,25.9,0,76,76.2,0,0,0,45.5,57.6,89.5,350.5,332.5,152.6,114.6,98.3,43.9,46.9,0,0,27.6,0,53.3,26.9,0,11.5,3.1,2.5,2.9,2.8,0,0,0.6,0,44.1,71.5,5.5,1.4,3,3,0,18.5,37,0.1
20210103,28513,25476,3037,11.92,299.771,204.098,0,0,98.4,0,94.8,94.6,75.9,0,76.1,11.8,32.8,0,33.2,0,33.4,33.3,34.4,31.1,0,0,23.1,25.9,0,75.9,76.1,0,0,0,42.4,57.6,78.9,357.9,288.3,161.3,99.8,94.4,45.9,48.9,60,53,0,0,53.2,27.1,0,11.5,2.9,2.4,2.9,2.8,0,0,0.8,0,49.3,65,5.1,1.4,3.6,0,0,12.3,48,0
20210104,32766,29734,3032,10.2,342.273,233.036,0,0,98.3,0.3,94.5,94.5,75.9,0,76.1,31.3,47,0,46.9,0,48.3,42.7,48.5,11.7,0,0,30.1,33.6,0,75.9,76.2,0,55.9,0,45.6,57.6,95.1,342.4,331.8,171.2,114.5,98.4,92,48.8,62.7,53,27.3,68.9,105.5,26.8,0,12,3,3,2.9,2.8,0,1.9,3,1.1,46.2,64.6,5,1.4,3,2.5,0,14.9,40.3,0
20210105,33117,30050,3067,10.21,353.795,240.88,0,0,98.4,36.1,94.4,94.5,75.9,0,76.1,48,46.9,0,47.6,0,45.2,47.5,48.4,39.6,0,0,30.4,25.3,0,75.9,76.2,0,60.3,0,57,57.5,96.5,284.2,337.5,157,101.9,98.3,92,48.8,64.7,53.1,27.6,68.9,105.5,34,0.3,11.6,2.9,1.7,1.8,1.8,0,2,2.8,1,31.6,48.4,5.8,1.4,3,2.5,0,21.8,63,0
20210106,33429,30327,3102,10.23,357.158,243.17,0,0,98.5,66.3,94.7,94.5,75.8,0,75.9,47.7,47.1,0,47.1,0,43,43,44.2,47.3,0,0,30.8,33.5,0,76.1,76.2,0,60.3,0,45.5,57.5,99.2,351,315.4,153.1,80.7,98.3,92,48.6,64.7,53.4,27.7,68.9,105.4,42,0,11.6,3,1.2,1.8,2,0,1.9,2.4,0.9,24.9,45.7,5.1,1.4,2.5,2.7,0,23.8,41.9,0
20210107,33602,30500,3102,10.17,360.578,245.498,0,0,98.4,67.5,94.7,94.6,75.9,0,76,43,47.1,0,43.9,0,47.9,47.5,48.6,45.4,0,0,31.1,32.5,0,75.9,76.2,0,60.2,0,57,57.5,90.4,351.1,326.3,158.8,85.4,92.3,92,48.7,64.7,54.1,28,68.6,106.2,28.4,0,11.6,3,1.1,1.8,1.8,0,2,3.3,1,29,40.5,5,1.3,3.5,3,0,22.8,61.6,0
20210108,33518,30412,3106,10.21,364.834,248.395,0,0,98.3,88.5,94.8,94.6,75.8,0,76,38,48.1,0,47,0,47.9,47.1,48.6,45.3,0,0,24.6,34,0,75.9,76.3,0,60.1,0,57,57.6,92.9,354.8,328.9,161.7,73.8,95.8,92,48.9,64.8,54,28.5,69,105.4,27,0,12.4,3,1.1,1.8,1.8,0,1.9,2.2,0.9,29,30.1,5.7,1.3,3,1.8,0,24.1,62.7,0
20210109,31269,28068,3201,11.41,342.185,232.976,0,0,98.3,97.2,94.8,94.7,76,0,76.2,44.2,51.1,0,47.2,0,47.4,47.4,43.9,47.3,0,0,0,33.1,0,75.9,76.1,0,60.1,0,57.1,57.4,87.2,339.9,324.4,171.4,79.1,35.7,46.1,48.8,0,0,28.4,65.5,105.6,27.4,0,12.5,0,1.4,1.8,1.8,0,0,3.2,1,38.3,52.7,4,1.3,3,0,0,17.5,60.2,0
20210110,30161,27255,2906,10.66,320.948,218.516,0,0,98.1,98.9,95,94.7,76,0,76.2,43.1,47.7,0,47.2,0,47.9,47.5,48.7,42.4,0,0,0,32.6,0,76.1,76.4,0,58.8,0,57.1,57.4,79.7,338.8,335.7,166.5,80.8,43.4,46.1,0,0,53.8,28,0,52.3,28.7,0,12.6,3.9,3.3,2.5,2.4,0,0,2.8,0.8,61.1,79.4,5.8,1.3,3,0,0,17.3,24.3,0
20210111,33772,30679,3093,10.08,359.358,244.667,0,0,98.4,84.6,95,94.6,76,0,76.2,45.3,48.6,0,47.2,0,46.4,44.5,44,47.4,0,28.7,0,32.3,0,76,76.2,0,60.2,0,57.1,57.3,90.2,359.1,325.7,155.1,86.6,98.4,89.4,48.8,41.8,54.4,28.4,68.9,105.9,29.3,0,12.6,3,1.9,2.4,2.4,0,2,3.2,1,49.2,64.2,0.7,1.3,1.4,2.5,0,23,51.6,0
20210112,33749,30633,3116,10.17,366.614,249.607,0,0,98.4,98.4,95,94.6,76,0,76.3,45.8,47.2,0,47.4,0,43.2,44.6,48.6,47.4,0,30.7,0,32.9,0,76.1,76.4,0,60.3,0,55.3,54.4,96.4,357.8,319,155.9,86.7,98.3,89.4,48.5,41.8,54.3,28.2,66.4,106.2,37.9,0,13.2,3,2.5,2.2,2.2,0,1.9,4,1.2,37.7,63.9,5.8,1.5,3,0,0,21.4,41.7,0
20210113,33108,29994,3114,10.38,361.441,246.085,0,0,98.5,98.9,95,94.7,76,0,76.1,42.9,44.9,0,46.7,0,47.8,47.5,48.6,45.4,0,23,0,25.2,0,76.1,76.4,0,60.1,0,57.1,54.5,88.9,360.3,323.1,145.9,96,88.5,89.4,48.8,44.4,53.5,27.7,68.9,103.4,38.2,0.1,13,3,2.6,1.9,2,0,2,3.5,1.1,29,62.3,5,1.5,3,3.6,0,17.2,10.4,0
20210114,33153,30021,3132,10.43,358.668,244.198,0,0,98.4,98.9,94.9,94.6,76.1,0,76.3,42.2,42.9,0,45.6,0,47.7,47.6,48.3,47.2,0,30.7,0,32.5,0,76.1,76.3,0,60.1,0,57,57.4,91.9,293.7,324.2,146.2,110.5,98.3,89.4,49.6,41.9,53.3,27.6,68.9,106.1,73.1,0,13,0,2.2,1.7,1.7,0,1.8,4,1.4,33.9,48.1,0,1.4,3.1,2.5,0,22.7,5.4,0
20210115,32864,29555,3309,11.2,355.322,241.92,0,0,98.4,98.8,95,94.7,75.9,0,76.1,42.7,41.6,0,43.4,0,47.9,47,48.6,47.4,0,30.9,0,33.4,0,76,76.2,0,60.3,0,57.2,57.4,100.6,285.9,313.8,140.9,108.6,81.6,89.4,49.3,41.9,53.2,27.5,66.4,105.8,56,0,13,3,1.4,2,2,0,2,2.7,0.8,28.9,48.1,5.8,1.4,1.3,3.6,0,20.7,10,0
20210116,30167,27121,3046,11.23,331.785,225.894,0,0,98.4,98.9,94.9,94.8,75.9,0,75.9,38,47.1,0,47.2,0,47.8,47.1,48.6,47.4,0,31,0,33.4,0,76.1,76.2,0,60.2,0,47.4,57.3,80,273.3,302.9,142.6,95.9,84.1,0,48.9,41.9,0,0,66.3,78.6,26.9,0,13,3,1.3,1.9,1.8,0,0,3.2,1,28.2,47.1,4,1.3,3.1,1.8,0,17.9,64.2,0
20210117,29746,26712,3034,11.36,314.254,213.959,0,0,98.4,98.9,94.9,94.8,76.1,0,76.2,42.5,42.4,0,40.3,0,41.5,39.6,41.3,38.5,0,29.9,0,33.7,0,76.1,76.4,0,58.9,0,47.4,57.2,71.6,295.7,308.5,167.3,86.2,36.1,0,49.7,0,0,0,65.6,106.1,26.8,0,12.5,3.1,1.4,1.8,1.9,0,0,3.2,1,47.7,66.2,2.2,1.3,3,0,0,17.8,60.7,0
20210118,33095,29938,3157,10.55,347.884,236.856,0,0,98.4,98.9,94.8,94.7,76,0,76.2,42.7,47.1,0,42.3,0,48.3,42.9,48.8,45.4,0,30.8,0,32.4,0,76.1,75.2,0,60.2,0,57,57.3,92.8,282.9,302.9,160.6,97,98.5,92,49.4,41.9,53.6,27.5,66.5,106.3,42.1,0,12.5,3.2,2,2.2,2.2,0,1.8,3.5,1.1,31.3,66,5,1.2,3,1.8,0,22.3,46.8,0.3
20210119,33148,29990,3158,10.53,355.672,242.158,0,0,98.5,98.9,94.8,94.6,76,0,76.1,42.6,47,0,46.8,0,46.3,43,53.2,45.3,0,30.2,0,32.6,0,76.1,76.3,0,60.2,42.6,52.2,55.4,94.2,295.7,302.7,159.8,86.6,98.4,92,49.3,41.9,53.1,27.1,68.9,105.7,27.3,0.2,12.5,2.8,1.6,2,2,0,1.9,3.3,1.1,42.1,66.5,4,1.2,2,0.9,0,22.6,14.7,0
20210120,33134,29984,3150,10.5,356.127,242.467,0,0,98.5,98.9,94.7,94.7,75.7,0,75.9,42.6,49.1,0,47,0,43.2,49.5,48.3,44.5,0,30.7,0,32.5,0,75.9,76.1,0,60.2,37.6,56.9,0,100.3,307.2,300.8,149.1,97.1,98.4,92,48.7,41.9,53.2,27.3,68.9,105.2,64.8,0.7,13.7,3.1,1.8,2.1,2.2,0,1.8,3.2,1,47.4,61.8,4,1.2,1.7,0,0,22.1,8.5,0
20210121,33359,30285,3074,10.15,355.762,242.219,0,0,98.4,98.9,94.8,94.7,75.8,0,76,42.8,48.7,0,47.3,0,48.2,42.6,48.5,47.5,0,31.1,0,32.5,0,75.8,75.9,0,60.3,57.1,56.9,0,93.1,298.9,299.7,164.2,89,98.4,92,48.3,42,52.8,26.9,68.9,103.9,55.4,0,11.6,3.4,2.6,2.4,2.5,0,1.9,4.1,1.4,42.8,65,5.8,1.2,2,4,0,22.9,19.1,0
20210122,33192,30095,3097,10.29,358.199,243.879,0,0,98.5,99,94.8,94.7,75.8,0,75.9,42.9,47.7,0,47.2,0,48.1,37.9,49.3,47.7,0,28.1,0,29.7,0,76,76.2,0,60.3,47.4,56.9,0,89.2,319.1,297.2,152,87,98.3,92,47.9,44.5,51.8,26.7,68.5,102.1,80.5,0,11.6,3.1,1.9,2.3,2.4,0,1.8,3.5,1.4,29.5,57.9,5,1.2,2,4,0,22.5,28,0
20210123,30421,27218,3203,11.77,332.548,226.414,0,0,98.4,98.9,94.8,94.7,75.9,0,76,42.9,50.5,0,51.5,33.8,52.5,50.4,0,21.6,0,23,0,23.2,0,75.7,76,0,60.1,57.1,56.9,0,80.7,308.3,285.5,147.6,94.9,80.5,45.9,0,41.9,0,26.7,68.9,88.4,39.5,0,11.6,3,1.8,2.1,2,0,0,2.7,0.9,28.9,48.9,3,1.2,2,4,0,21.2,38.1,0
20210124,28790,25717,3073,11.95,307.458,209.331,0,0,89.6,98.8,94.8,94.7,75.9,0,76.1,42.2,47.1,0,46.7,43.6,43.2,40.7,0,42.8,0,23.9,0,23.4,0,75.9,76.2,0,56.6,52.2,56.9,0,103.5,291.2,294.9,153,83.7,36.3,0,39.1,0,44.8,0,0,88.9,27.3,0,13.5,1.2,1.3,2,2,0,0,4.5,1.5,28.9,63.7,5.8,1.2,2.2,4,0,18.9,28.9,0
20210125,33063,29794,3269,10.97,341.766,232.69,0,0,98.5,98.9,95,94.7,75.9,0,76.1,42.7,42.6,0,44.8,52,52.9,43,0,47.6,0,23.5,0,23.3,0,76.1,76.2,0,60.1,49.7,56.9,0,149.9,317.5,333.2,159.9,84,21.8,92,49.5,59.7,53.4,0,66.5,103.5,27,0,10.9,2.2,2.3,2.2,2.3,0.4,1.9,4.4,1.5,43.2,49.9,5.8,1.2,2,4,0,21.5,27.7,0
20210126,33152,29933,3219,10.75,351.528,239.336,0,0,98.5,98.9,94.6,94.6,75.8,0,75.8,42.8,42.8,0,46.9,48.9,47.9,47.6,0,47.5,0,23.1,0,23.2,0,76.2,76.2,0,60.1,56.9,56.9,0,146.8,316.7,331.9,149.4,83.8,39.5,94,49.1,59.7,53.2,0,68.6,104.4,27.2,3.7,10.1,3.2,2.4,2.4,2.5,1.1,1.8,4.5,1.5,25.4,64,5.8,1.2,3,3.2,0,21.4,34,0
20210127,32652,29588,3064,10.36,349.069,237.663,0,0,98.5,98.9,94.6,94.6,76,0,76.1,47.2,41.2,0,45.5,46.8,47.4,47.2,0,47.6,0,23.3,0,23.4,0,75.9,76,0,0.4,57,56.9,0,146,310.9,337.2,150.9,87,53.3,92,45.7,64.3,53.4,0,68.6,104.1,35.8,0,15.9,0,1.4,2.2,2,0.8,1.8,4.6,1.6,28.9,65.5,1.7,1.1,1.1,4,0,20.5,52,0
20210128,32843,29557,3286,11.12,350.657,238.744,0,0,98.4,98.8,94.8,94.8,75.8,0,76.1,41.9,41.2,0,42,47.5,46.7,42.4,0,48,0,23.4,0,23.4,0,76.1,76.2,60,60.1,47.1,47.1,0,144.3,278.6,337.2,138.4,83.7,25,88.4,49.8,59.6,53.5,0,66.3,104.6,27.2,1.4,11.7,2.9,1.5,2,2,0.8,1.8,4.4,1.5,28.9,52.1,5.8,1.1,2,4,0,20.6,60.2,0
20210129,32472,29269,3203,10.94,348.035,236.958,0,0,98.4,98.9,95,94.8,76.1,0,76.2,39,38.1,0,46.9,48.8,47.9,42.6,0,42.7,0,23.7,0,24.2,0,76.1,76.2,60.3,60.3,47.1,47.2,0,87.8,300.8,342.8,146.6,58.8,46.4,92,48.5,59.7,53.6,0,68.9,105.7,27.5,0,11.5,2.9,2.2,2.3,2.4,0.8,1.8,4.8,1.6,29.4,48.8,5.8,1.1,3.2,4,0,18.2,49.2,0
20210130,30109,26662,3447,12.93,325.481,221.602,0,0,98.4,98.9,95,94.7,75.9,0,76,34.6,34.4,0,33.2,35.8,35.1,33.2,0,32.9,0,23.2,0,25.2,0,76.1,76.3,60.4,60.3,37.4,37.7,0,88.4,303,354.2,132,53.3,21.7,46.1,48.7,60.1,53.7,0,66.5,53.4,27.6,0,11.5,2.8,1.2,2.4,2.4,1.4,0.3,4.6,1.5,29.3,66.6,0.5,1.1,1.3,3.4,0,19.6,6.8,0
20210131,28364,25458,2906,11.41,304.697,207.451,0,0,98.3,98.9,94.8,94.7,75.8,0,76,43.5,47.2,0,42.4,47.3,47,42.6,0,47.5,0,24.3,0,25.2,0,76.2,76.4,58.7,57.8,37.4,37.7,0,74.3,270.2,356.7,124.4,65.4,43.4,0,49.2,0,48.8,0,0,48.9,28.4,0,11.5,0,1.8,2.4,2.4,1,0.3,4.9,1.7,31.6,76.1,3,1.1,3,2,0,18.5,1.2,0
20210201,31980,29042,2938,10.12,353.026,259.828,0,0,98.3,98.8,94.9,94.7,75.7,0,76,45.7,49.1,0,51.9,0,51.8,50.4,0,49.9,0,30.2,0,32.5,0,76,76.4,0,60,47.1,47.2,0,99.3,310.4,355.3,126.6,46.3,53.2,92,48.9,64.8,53.5,0,68.8,103.6,81.3,3.1,11.2,2.5,2.1,1.9,1.9,0.8,2.1,5.1,1.7,29.5,65.8,5.9,1.1,3.5,3.6,0,19.7,0.3,0
20210202,32772,29726,3046,10.24,364.417,268.212,0,0,98.4,98.8,94.8,94.6,75.7,0,75.9,43.9,44.3,0,51.7,0,52.6,52.1,0,50.3,0,30.1,0,33.5,0,76.1,76,0,60.1,47.2,47.2,0,94.9,308.1,351.2,129.1,66,53.2,94,49.2,64.8,53.3,0,68.9,104.3,68.9,0.1,11.1,3,4.3,2,2,0.6,2.1,5,1.9,30.2,66.5,3.5,1.1,2.5,4,0,19.6,65.6,0
20210203,32629,29623,3006,10.15,366.195,269.521,0,0,98.3,98.9,95,94.7,75.8,0,76,51,50.4,0,51.9,0,52.6,52,0,48.4,0,22.7,0,23.3,0,76.1,76.2,0,60,47.2,37.5,0,149.9,305.9,352.7,119.7,66.2,53.3,91.9,49.1,64.8,53.6,0,68.8,104.5,71.4,0,11.1,0,1.9,2.3,2.2,0.7,2.1,5.3,1.9,34.3,66,5,1.1,4.9,3.1,0,24,24.7,0
20210204,32787,29655,3132,10.56,365.655,269.124,0,0,98.4,98.9,94.9,94.6,75.9,0,76.2,43.3,48.2,0,47.6,48.9,47.8,42.7,0,46.1,0,23.2,0,23.3,0,76.1,76.1,59.6,60.2,47.2,47.3,0,137.2,298,351.1,112.2,56.9,53.3,92,49,64.8,53.3,0,68.9,103.6,27.4,0,11.1,0,1.9,2,2,0.9,0.3,4.9,1.7,28.6,62.6,3.6,1.1,3.5,4,0,23,37.2,0.3
20210205,32351,29291,3060,10.45,363.13,267.264,0,0,98.3,98.7,94.7,94.6,75.9,21.9,76.3,43.1,30.9,0,42.1,51,52.3,49.6,0,42.5,0,22.7,0,23.2,0,76.1,76.2,60.5,60.2,47.2,47.2,0,139.4,268.5,352.2,110.6,58.1,53.2,92,49.2,64.8,53.4,0,68.9,104.1,27.4,0,10.8,0,1.4,2,2.1,0.6,0.3,4.2,1.4,29.5,80.3,0.6,1.1,1,4,0,22.2,1.9,0.4
20210206,29743,26677,3066,11.49,338.554,249.176,0,0,98.3,98.9,94.7,94.6,75.8,66.8,76.2,48,0,0,46.9,44.2,23.7,45.8,0,0,0,0,0,23.4,0,76.4,76.4,60.4,60.2,47.2,47.3,0,85,253.5,350.1,113.2,72.4,51.5,46.1,48.6,60,0,0,66.3,103.2,27.3,0,10.8,0,0.6,2,2.1,1.6,0.3,4.9,1.7,29.1,66.5,5,1.1,1.1,4,0,22.3,2.9,0.3
20210207,28678,25915,2763,10.66,322.592,237.429,0,0,98.2,98.8,94.7,94.6,76,76.6,76.2,47.8,0,0,46.7,48.8,19.6,47.6,0,0,0,0,0,23.3,0,75.9,76,56.8,56.5,47.2,47.3,0,72.7,266.6,351.8,161.3,75.5,53.2,0,48.5,0,0,0,0,104.5,45.4,0,10.8,0,2,2.3,2.7,0,0.3,4.9,1.7,29.7,82.8,5,1.1,1.6,3.2,0,21.9,7.5,0.1
20210208,30962,27915,3047,10.92,344.85,253.811,0,0,98.3,98.9,94.8,94.6,76,76.6,76.1,37.5,0,0,37.6,38.4,19.3,38.6,34.7,0,0,0,0,23.3,0,76,76.3,60.4,60.2,42.4,42.3,0,143.4,246.6,349.2,146.7,72.2,38.5,92,49.3,0,52.5,0,66.4,102.9,27.2,0,10.8,0,1.5,1.8,1.8,0,2.2,5.1,1.8,14.7,48.5,3.1,1.1,1.7,4,0,18.5,57.5,0.2
20210209,28994,26114,2880,11.03,330.778,243.454,0,0,98.3,98.9,94.8,94.6,75.9,32.3,76.1,33.5,0,0,33.3,34,18.7,33,34.3,0,0,0,0,23.2,0,76,76.2,60.3,60.3,32.6,32.5,0,147.6,140.1,298.9,172.5,73.7,21.8,93.8,47.1,0,50.4,0,68,100.1,27.2,0.3,11.2,0,1.6,1.9,1.7,0,2.2,5.2,1.8,45.2,66.4,5,1.1,1.1,4,0,20.1,51.4,0.2
20210210,27257,24370,2887,11.85,306.312,225.447,0,0,98.3,98.9,94.8,94.5,75.8,76.5,76.1,40.9,0,0,42.8,39.1,38.4,37.8,38.9,0,0,0,0,23.2,0,75.9,76,46.4,55.4,37.5,37.4,0,145.5,136.4,348.3,170,74.9,53,39.5,0,0,0,0,66.5,0,27.6,0,11,0,1.8,2.2,2.2,0,0.3,4.9,1.9,52.2,51.1,0.6,1.1,1,2.9,0,19.5,1.7,0.1
20210211,24966,22133,2833,12.8,282.821,208.157,0,0,98.3,98.9,95,94.7,75.9,0,76.1,41.1,0,0,39.6,37.6,37.2,36.2,37.6,0,0,0,0,23.2,0,75.9,76.2,46.4,54.8,31.9,31.4,0,71.9,121.5,330.8,142.5,63.9,52.7,41.8,0,0,0,0,0,46.6,27.5,0,11,0,0.6,1.1,1.6,0,0.4,5,1.7,29.1,45.3,2.1,1.1,2,4,0,20.5,57.3,6.6
20210212,24905,21913,2992,13.65,271.573,199.878,0,0,98.3,98.8,95,94.7,75.9,76.6,76.1,37.9,0,0,37.7,38.7,38.2,38,39.1,0,0,0,0,23.1,0,76.1,76.2,60.2,60.1,37.5,25.5,0,68.8,0,325.1,169.7,75.1,53.3,45.9,0,0,0,0,0,0,27.4,0,11.1,0,0.8,1.2,1.5,0,0.3,4.8,1.7,52.7,84.1,2,1.1,1.3,3.9,0,7.6,30.5,0
20210213,24980,21956,3024,13.77,273.203,201.079,0,0,98.3,98.9,95,94.7,76,76.6,76.2,37.8,0,0,37.7,38.6,38.3,37.7,39.2,0,0,0,0,23.2,0,76.1,76.2,60.3,60.2,42.7,25.4,0,66.9,0,328.1,168.3,75.5,33.6,45.9,0,0,0,0,0,0,27.4,0,10.8,0,1.4,1.5,1.8,0,0.3,4.9,1.7,48.9,82.4,5,1.1,1.2,4,0,8.8,44.4,0
20210214,25351,22440,2911,12.97,277.622,204.331,0,0,98.4,98.9,94.9,94.6,76,76.6,76.1,38,0,0,38,38.6,38.3,37.8,38.8,0,0,0,0,23.1,0,75.9,76,60,60.1,28,25.3,0,66.3,63.8,347.3,156.5,72.7,53.2,45.9,0,0,0,0,0,52.9,27.9,0,10.5,0,2,1.6,2,0,0.3,4.4,1.5,28.8,66,3.1,1.1,0,4,0,15.2,0.4,0
20210215,26109,23465,2644,11.27,287.253,211.419,0,0,98.3,98.9,95,94.7,76,76.5,76.1,36.4,0,0,36.5,37.2,36.1,36.1,37.1,0,0,0,0,23.1,0,21.6,76.1,46.5,46.3,28,25.7,0,61.8,215.2,347.2,161.4,79.3,51.6,45.9,0,0,0,0,0,0,27.8,0,10.5,0,1,1.7,2.1,0,0.3,4.9,1.7,56.8,82.4,5,1.1,1.1,4,0,13.9,38.2,0.4
20210216,27716,24715,3001,12.15,301.134,221.636,0,0,98.3,98.9,94.9,94.6,75.9,76.6,76.1,42.7,0,0,42.4,43.8,43,42.6,44.3,0,0,0,0,23.3,0,74.9,76.2,46.5,46.4,47.3,25.5,0,61.9,257.9,350.9,155.7,72.9,0,41.8,0,0,53.1,0,0,47.4,29,0,11.2,0,1.6,1.7,1.8,0,0.3,4.8,1.7,28.9,81.3,5.8,1.1,0,4,0,10.4,6.1,0
20210217,30715,27891,2824,10.13,338.515,249.148,0,0,98.3,98.9,95,94.7,76,76.5,76.1,46.1,0,0,46.9,52.1,50.7,47.5,49.1,0,0,23.4,0,23.4,0,74.9,76.2,60.3,60.1,54.5,25.9,0,79.5,262.2,340.9,147.7,73.7,0,92,50,60,53.1,0,0,52.9,30.5,0,10.7,0,1.7,1.9,1.8,0,2.2,5,1.7,29.8,67.2,5.7,1.1,0.4,4,0,16.6,58.5,0.5
20210218,31440,28533,2907,10.19,350.32,257.837,0,0,98.3,98.9,94.9,94.7,75.9,76.5,76.1,47,0,0,46.6,43.9,43,43,43.5,0,5.9,23.3,0,23.4,0,74.9,76.4,59.9,60.2,37.8,25.4,0,76.9,266.2,341.6,162.7,81.7,53,92,50,60,53.5,0,0,53.2,37.6,0,10.7,0,1.4,1.9,2,0,2.1,5.1,1.8,42.4,83.7,1.8,1.1,1.1,3.4,0,12.4,56.2,0.4
20210219,31512,28627,2885,10.08,355.022,261.297,0,0,98.2,98.8,95,94.6,75.9,76.4,76.1,46.5,0,0,48.9,49,47.9,49.9,50.3,0,20.4,23.5,0,23.3,0,40.4,76.4,60.1,60.2,57.3,16.6,0,82.1,247.9,342.2,170.6,82.7,53.2,92,49.6,64.7,53.3,0,0,53.2,29.2,0,10.7,0,2.3,2.1,2.3,0,2.1,5.3,1.9,62.4,104.3,5.1,1.1,2,3.5,0,16,8.9,0.4
20210220,30367,27392,2975,10.86,348.331,256.372,0,0,98.2,98.8,94.9,94.7,75.8,76.3,76.1,42.8,0,0,41.9,49,48,42.9,43.5,0,46,23.3,0,23.2,0,74.7,75.9,60.3,60.1,56,0,0,69.9,272,336.2,165.4,73.4,53.3,45.9,49.2,64.8,53.3,0,0,52.9,27.1,0,11.3,0,1.1,2.1,2.1,0,2.2,5.2,1.8,29.7,64.6,0.6,1.1,0,4,0,19.9,0.8,0.5
20210221,28396,25257,3139,12.43,314.394,231.395,0,0,98.3,99,94.8,94.6,76.1,76.4,76.1,37.9,0,0,37.8,39.6,38.5,38.8,39,0,38.6,22.9,0,23.2,0,74.9,76.4,46.4,46.2,42.8,0,0,63.5,261.3,270.5,169,75.4,32.6,45.9,49.4,0,52.6,0,0,47.3,27.8,0,11.3,0,2,2.1,2.1,0,0.3,5.1,1.8,60.9,82.9,2.5,1.1,0,4,0,14.3,0.7,0
20210222,32355,29366,2989,10.18,351.817,258.938,0,0,98.3,99,94.6,94.6,76.1,76.3,75.8,43.8,0,0,46,47.6,46.9,45.1,45.9,0,43,27.9,0,29.9,0,74.9,76.2,60.3,60,43.2,0,0,82.6,289.9,328.9,184.8,80.8,53.2,92,49,64.8,52.1,0,0,102.9,27.5,0,10.9,0,1.5,1.9,2,0,2.1,4.6,1.6,52.8,80.2,5.2,1.1,1.7,4,0,18.8,1,0.5
20210223,33028,29919,3109,10.39,366.593,269.813,0,0,98.4,99,94.7,94.7,76,76.3,76,50.5,0,0,51.6,43.9,43.8,38,43.3,0,42.6,30.2,0,33.4,0,74.7,76,59.4,60.1,44.9,0,0,83.1,284,334.8,176.8,74.4,53.2,93.8,48.5,59.7,52.8,0,0,103.1,54.5,3.1,11.2,0,1.7,2,2.1,0,2.1,5.2,1.8,29.4,73.8,0,1.1,0.9,3.2,0,18.4,69.04,0.4
20210224,33080,30031,3049,10.15,369.522,271.97,0,0,98.4,99,94.8,94.6,76,76.3,76,43.9,0,0,51.6,43.9,43.3,43.1,43.9,0,43,30.2,0,32.4,0,74.7,76.1,58.6,59.7,56.6,0,0,89.2,288.6,341.3,199.5,82.5,53.2,92,48.1,59.7,52.8,0,0,103.4,47.8,0.2,11.2,0,1.4,2,2,0,2.2,4.8,1.7,43.3,77.3,5,1.1,0,4,0,17.5,15.1,0.5
20210225,33100,30072,3028,10.07,370.985,273.046,0,0,98.3,99,94.8,94.6,74.2,74.5,74.2,49.8,0,0,42.1,51.6,50.9,50.1,50.8,0,32.2,30.5,0,32.6,0,74.7,76.2,59.1,59.5,52.3,0,0,84.5,290.3,342.4,196.6,82.1,53.1,92,48.4,64.8,52.7,0,0,102.5,77.1,0.1,11.2,0,2,1.8,2,0,2.1,4.8,1.7,37.7,74.9,5.8,1.1,1.5,4,0,18.2,1.7,0.4
20210226,32780,29739,3041,10.23,368.532,271.241,0,0,98.1,99,94.7,94.6,75.8,76.1,75.8,44.3,0,0,43.1,44.6,43.2,38.4,39,0,38.6,23.2,0,25,0,74.9,76.2,38.5,60.3,53.9,0,0,83.8,269.3,341.6,178.7,81.6,30.3,92,48.8,64.5,52.3,0,0,98.4,59.9,0,10.9,0,1.6,2.3,2.3,0,2,4.5,1.5,52,71.8,5.7,1.1,0,2.7,0,17.8,47,65.7
20210227,29214,26456,2758,10.42,337.779,248.607,0,0,97.9,98.9,94.7,94.6,76,76.4,76.1,35.1,0,0,33.6,0,33.1,32.9,33.3,0,33.1,23.2,0,24.8,0,74.9,76.2,0,46.1,47.2,0,0,74.4,222.6,351.1,174,74.4,52,46.1,49.5,63.5,53.1,0,0,103,27.1,0,10.9,0,1.6,2.3,2.4,0,0.3,4.5,1.5,39.7,77.9,2.1,1.1,2,4,0,17.2,52.4,0.3
20210228,27689,25017,2672,10.68,313.622,230.827,0,0,97.9,50.1,94.8,94.6,75.9,76.2,75.8,42.7,0,0,47.1,0,48.3,47.9,48.6,0,47.9,24.6,0,24.7,0,74.8,73.1,0,57.1,55.2,32.7,0,62.1,212.2,271.6,165.2,69.5,53.2,46.1,49,0,52.7,0,0,101.7,36.3,0,10.7,0,0.8,1.9,2,0.9,0.3,4.7,1.5,39.2,65.4,2.1,1.1,0,4,0,16.9,15.2,0.5
20210301,29388,26556,2832,10.66,323.991,218.544,0,0,97.7,98.8,94.7,94.6,75.9,76.2,76,42.8,0,0,41.9,34.4,43.2,43.1,44,0,43,24.3,0,24.7,0,74.9,76.4,59.8,60.2,52.3,55.8,0,123.9,206.5,264,165.7,73.4,53.2,0,48.1,0,50.7,5.4,0,100.4,37.5,0,10.6,0,1.9,2,2.1,0.7,0.3,4.9,1.7,42.5,64.5,2,1.1,2,4,0,16.6,3.5,0.5
20210302,32637,29416,3221,10.95,359.333,242.383,0,0,97.6,98.9,94.7,94.6,76.1,76.3,76.2,43.2,0,0,41.9,43.5,43.2,42.8,43.7,0,43,24.3,0,24.8,0,74.9,76.2,60.2,60.3,42.4,42.4,0,123.2,202.3,336.1,178.8,73.3,60.5,92,50,60,53.4,27.6,0,104.6,27.1,0.3,10.9,0,1.8,2,2,0.7,2.1,4.3,1.5,14.4,76.2,3,1.1,0,4,0,14.7,69,0.4
20210303,32752,29677,3075,10.36,365.421,246.489,0,0,97.5,98.9,94.6,94.5,76,76.3,76.1,42.8,0,0,42.4,48.6,48.2,44.6,44.9,0,43,30.8,0,32.4,0,74.8,76.4,59.6,60.2,42.6,56.9,0,126.8,241.6,332,192.1,59.7,53.2,92,49.3,61.7,53.2,27.4,0,104.8,27,0,10.9,0,1.4,1.7,1.8,0.6,2.1,4.8,1.7,15.4,61.4,5,1.1,3,4,0,17.2,23.7,0.3
20210304,32873,29785,3088,10.37,367.427,247.842,0,0,97.4,98.8,94.6,94.6,75.7,76.2,76,49.4,0,0,42.6,43.6,43.2,42.7,44.2,0,43,23.4,0,25.2,0,74.9,76.4,60.4,60.2,42.4,42.3,0,123.4,256,328.5,183.5,66.2,66.3,88.3,49.4,64,52.8,27.2,0,103.3,58.9,0,10.9,0,1.2,1.6,1.7,0.5,2.3,3.6,1.2,29.7,66.3,5.8,1.1,2,4,0,17.5,2.6,0.3
20210305,33137,29869,3268,10.94,370.03,249.599,0,0,97.2,98.9,94.5,94.5,75.7,76.2,76.1,43.2,0,0,38.3,44.4,44.3,43.8,39.7,0,43.9,22.8,0,25,0,74.6,76.4,60.2,60.2,45.5,47.7,0,130.9,268.6,326.8,183.1,66.1,71.6,92,48.1,60,52.4,27,0,100.8,27.2,0,10.9,0,1.3,1.9,1.9,0.7,1.9,3.6,1.2,16.9,61.3,0.6,1.1,0,2.8,0,10.3,6.6,53.7
20210306,29717,26912,2805,10.42,343.409,231.642,0,0,97,98.8,94.6,94.5,75.8,76.3,0,42.8,0,0,46.9,48.9,47.9,42.6,44.1,0,43,30.1,0,32.3,0,74.7,76.4,60.1,60.2,57,52.2,0,62.1,253.6,274.7,185.2,58.7,96.9,46.1,49.4,60,0,27.2,0,50.5,46.7,0,10.6,0,0.6,1.9,1.9,0.7,0.3,4.3,1.5,15,68.9,3.1,1.1,2,4.1,0,16.6,32.9,0.4
20210307,28545,25794,2751,10.67,321.877,217.118,0,0,90.2,53.1,94.6,94.6,75.8,76.1,0,43.8,0,0,42.5,43.9,43.2,42.9,44.4,0,47.9,23.4,0,24.7,0,74.8,76.5,55.6,55.5,56.9,52,0,59.4,231.3,292.7,191.9,66.3,65.8,0,49.6,0,48.3,0,0,96.3,27.4,0,10.6,0,1.9,1.9,1.9,0.8,0.3,4.8,1.7,28.7,81.3,3,1.1,3,2.7,0,5.3,64.8,0
20210308,32882,29772,3110,10.45,358.908,242.096,0,0,98.1,93.4,95,94.7,75.6,76.2,0,43.8,0,0,42.7,43.9,43.2,47.5,48.4,0,42.5,23.7,0,24.7,0,74.7,76.4,60.2,60.1,56.8,51.9,0,129.1,278.3,337.8,182.1,58.1,96.9,92.1,48.9,60.2,52.4,27.5,0,103.2,27.4,0,10.9,0,1.8,1.9,2,0.6,0.3,4.4,0.8,27.5,48.5,3.9,1.1,3,4,0,16.6,53.9,0.4
20210309,32995,29947,3048,10.18,369.298,249.105,0,0,96.7,98.9,94.6,94.6,75.7,76.1,0,48.1,0,0,45,49,43,47.5,48.7,0,42.5,30.5,0,32.8,0,74.5,76.2,57.8,60.1,57,52.1,0,127.3,267.4,331.5,175.4,57.9,95,93.7,49,60.2,52.8,27.4,0,103.8,42.7,0.1,11.2,0,2.5,1.9,1.9,1.1,0.3,5.8,2.2,22.4,49.7,0.6,1.1,2,4,0,15.6,59.3,0.5
20210310,32961,29906,3055,10.22,369.598,249.307,0,0,96.7,98.9,94.6,94.5,75.7,76.1,0,47.5,0,0,46.8,43.9,47.9,42.6,44.2,0,42.8,24.3,0,24.7,0,74.7,76.3,59.7,60,52.2,52,0,123.7,277.3,331.7,169.7,58.2,89,92,49.1,60.2,52.6,27.4,0,103.2,47.5,0,11.3,0,2,1.8,1.9,0.6,0.3,5.1,1.7,24.8,63.8,3.1,0.9,2,4.1,0,16.5,61.6,0.7
20210311,33116,30040,3076,10.24,372.205,251.066,0,0,96.6,98.8,94.5,94.5,75.9,76.3,0,47.4,0,0,47.1,43.9,43,42.8,48.9,0,42.9,29.5,0,32.5,0,74.8,76.6,60.2,60,56.9,52.1,0,120.5,309,331.8,191.6,60.5,93.9,92,49.1,60.2,52.9,27.4,0,103.9,59,0,11.3,0,2.1,1.6,1.9,0.8,0.3,2.6,0.9,31.9,49.4,3.1,0.9,2,4,0,16.6,5.4,0.8
20210312,33200,29928,3272,10.93,370.49,249.908,0,0,96.4,98.8,94.3,94.4,75.8,76.2,0,41.9,0,0,43,42.7,41.8,41.6,44,0,41.9,24.1,0,29.7,0,75,76.3,60.3,60.1,51.7,42.8,0,125,292.2,326.5,160.7,57.2,96.8,91.1,48.8,60.2,51.2,26.9,0,93.5,31.4,0,11,0,1.3,1.6,1.6,0.7,1.6,0.3,0.5,14.8,54.5,3.5,0.9,0,1.8,0,15.6,50.7,89.5
20210313,29872,26797,3075,11.48,340.806,229.885,0,0,96.3,98.8,94.6,94.4,75.9,29.6,0,43.3,0,0,42.1,42,41.6,38,39.2,0,49.7,0,23,25.1,0,74.9,76.4,60.2,60.1,32.9,32.8,0,69.1,301,330.5,180.5,75.2,68.3,45.9,49.3,60.3,0,27.5,0,51.8,27.4,0,11.2,0,1.9,1.7,1.8,0.8,0.3,3.3,1,29.9,61.2,0.5,0.9,1.8,4,0,16.4,52.1,0.8
20210314,28574,25641,2933,11.44,319.054,215.213,0,0,96.2,98.9,94.7,94.5,75.7,75.1,0,33.6,0,0,33,34.8,33.1,32.8,38.1,0,49.8,0,24.3,25,0,74.9,76.2,49.1,49,28,27.9,0,59,305.2,331.3,192.4,75.4,80.6,45.9,48.4,0,0,27.3,0,0,27.4,0,11.2,0,2.4,1.7,1.8,0.8,0.3,4.1,1.4,48.3,79.8,2.1,0.9,0.1,4,0,16.8,19.3,0
20210315,33163,30088,3075,10.22,363.2,244.992,0,0,96.1,98.8,94.4,94.4,75.7,75.1,0,42.6,0,0,41.9,48.7,48.2,38,44.1,0,49.7,0,23.3,24.9,0,74.9,76.3,60.3,60.1,43.4,43.5,0,119,296.5,342.8,200.9,82.1,98.9,92,48.8,60.2,52.5,27.2,0,102.4,45.1,0,11.2,0,1.5,1.7,1.8,0.5,2.1,3.2,1,17.7,100.4,2.1,0,2,4,0,9.5,0.7,0.9
20210316,33771,30684,3087,10.06,376.067,253.67,0,0,95.9,98.8,94.2,94.3,75.7,76.1,0,47.6,0,0,42.9,42.8,43.6,43.2,43.7,0,49.1,0,23.6,24.9,0,74.8,76.2,60.3,60.1,56.9,57,0,118.4,329,326.7,194.3,75.4,98.5,92,48.2,60.3,51.5,26.7,0,101.3,64.8,3.4,11.2,0,2.2,1.7,1.8,0.6,2.2,2.6,0.7,51.3,72.9,1.8,0.8,1.7,4,0,9.2,1.1,0.9
20210317,33899,30716,3183,10.36,380.454,256.629,0,0,95.7,98.7,94.1,94.3,75.9,76.3,0,37.2,0,0,42.4,43.5,43.3,32.9,43.9,0,49.8,0,28.1,31.1,0,74.9,76.4,60.4,60.1,56.5,51.9,0,120.5,321.7,332.4,180.3,75.7,98,92,48.5,60.2,51.8,26.8,0,94.1,53.2,0,11.4,0,1.9,1.7,1.7,0.8,2.1,2,0.3,20.8,54,0.6,0.9,0,1.7,0,4.3,25.8,90.1
20210318,33938,30724,3214,10.46,380.783,256.852,0,0,95.7,98.8,94.5,94.3,76,76.3,0,47.6,42.3,0,46.7,43.6,43.2,0,43.7,0,49.7,0,30.4,32.5,0,74.8,76.2,60.3,60.1,57.1,52,0,121.5,351.3,352.2,178.8,75.1,98.6,92,48.3,60.2,52.5,27.2,0,99.5,60.9,0,11.8,0,1.6,1.7,1.7,0.7,2.1,3.3,1,29.4,56.1,2.1,0.8,2.1,4,0,8.8,10.7,0.8
20210319,34002,30865,3137,10.16,380.818,256.876,0,0,95.6,98.9,94.4,94.2,75.8,76.1,0,43,44.5,0,46.8,48.7,33.4,0,48.9,0,49.7,0,27.9,30,0,74.9,76.3,60.5,60.2,56.9,52,0,114.8,285.9,343.4,192.4,81.7,95.9,92,48.2,60.2,52.2,27.1,0,98.7,39.6,0.1,11.8,0,1.3,1.7,1.7,0.6,1.8,2.4,0.7,39.9,68.9,2.3,0.8,1.6,0.8,0,4.1,2,87.7
20210320,30585,27747,2838,10.23,354.958,239.432,0,0,95.3,98.7,94.3,94.2,75.8,76.1,0,42.6,42.4,0,42,43.6,43.3,0,43.9,0,49.7,0,24.7,24.9,0,74.6,76,60.4,60.2,57,52.1,0,61.2,266.8,334.8,202,80.8,99,46.1,0,60.2,0,26.4,0,101.1,56.9,0,11.8,0,1.7,1.6,1.7,0.6,0.3,2.5,0.8,35.7,67.5,2.7,0.8,1.2,4,0,8.1,4.4,0.8
20210321,28874,25688,3186,12.4,324.801,219.09,0,0,95.2,98.7,94.3,94.2,76.1,76.2,0,43.3,41.9,0,41.4,0,41.9,0,43.4,0,49.7,0,23.2,24.9,0,74.8,76.2,55.6,55.8,28.1,28,0,56.3,235.9,297.3,192.5,77.6,99,46.1,0,0,53.4,0,0,105.8,27.5,0,10.9,0,1.8,1.5,1.6,0.6,0.3,2.4,0.9,29.4,54.8,0.5,0.8,1,4,0,8.4,66.28,0
20210322,32832,29607,3225,10.89,360.446,243.133,0,0,95.2,98.7,94.5,94.3,76,76.2,0,42.7,43.2,0,41.8,42.6,42.3,0,39,0,51,0,23.2,25,0,74.9,76.3,60.2,60.1,39,38.9,0,119.9,305.8,346.1,196.3,71,98,92,49.5,60.2,53.9,28,0,106.2,27.4,0,11.5,0,1.2,1.4,1.6,0.6,0.9,2.4,0.9,16,34,2,0.8,2.4,4,0,9.2,60.8,0.3
20210323,33263,29726,3537,11.9,368.377,248.483,0,0,95.1,98.8,94.4,94.3,75.9,76.3,0,43.8,43.3,0,42.4,43.6,43.4,0,39,0,50,0,23.1,25,0,74.7,76.1,60.3,60.1,46.3,46.4,0,114.1,313.7,347,208.7,75.5,97.9,87.8,49,60.2,48.9,27.2,0,100.3,27.9,3.5,11.5,0,2.4,1.5,1.6,0.6,1,1.4,0.8,29.5,67.5,5,0.9,3.5,4,0,9,5.3,0.4
20210324,33109,30050,3059,10.18,372.687,251.39,0,0,95,98.8,94.4,94.2,76,76.2,0,43.8,43.5,0,42.4,43.6,43.2,0,43.9,0,49.9,0,23.9,24.9,0,74.9,76.2,60.3,60.1,37.6,56.9,0,116.5,325.2,354,204.3,74.7,98,92,49.2,60.2,52.6,27.1,0,102.5,27.8,0,11.5,0,1,0.9,1.2,0.5,2.5,2.2,0.8,24.1,46.9,3,0.8,4,4,0,10.4,12.1,1.2
20210325,33126,29854,3272,10.96,367.695,248.023,0,0,94.9,98.9,94.4,94.2,76.1,76.3,0,38,42.5,0,37.3,38.9,38.2,0,39,0,49.9,0,23.6,24.8,0,74.9,76.3,60.4,60.2,47.3,33.6,0,117.4,302.8,336.5,192.7,73.3,98.7,91.9,49.1,60.2,52.5,27.2,0,102.8,37.3,0,11.5,0,1.9,1,1.4,0.4,2.2,3.1,1.1,30.2,50.1,1.6,1.1,3,4.1,0,22,58.92,1.2
20210326,33208,29929,3279,10.96,371.558,250.629,0,0,94.7,98.9,94.5,94.3,76,76.1,0,42.8,44.5,0,47.2,43.9,43,0,43.9,0,49.9,0,29,32.2,0,74.9,76.2,60.4,60.2,55.1,47.4,0,114.8,304.2,342,177.7,74.6,99,92,48.5,60.3,52.3,27,0,101.5,44.7,0.1,11.3,0,0.6,1,1.5,0.3,2.2,2.1,0.7,14.6,63.5,0.6,1.1,3,4,0,22.8,4.4,1.4
20210327,30894,27693,3201,11.56,348.79,235.272,0,0,94.7,98.9,94.1,94.3,75.9,76.1,0,34.2,33.9,0,33.1,34,33.1,0,34.3,0,49.9,0,23,24.9,0,74.8,76.1,56.6,0,33,32.6,0,68.6,316.6,350.5,195.3,75.4,73.9,45.9,47,60.3,50.8,26.2,0,99.5,27.7,0,11.3,0,0.7,1.4,1.8,0.5,0.3,2.5,0.9,43.7,83.4,3.4,0.9,3,4,0,21.9,3.2,1.5
20210328,29783,26864,2919,10.87,333.328,224.841,0,0,94.5,72.2,94.3,94.3,75.9,76,0,40.3,39.8,0,39.1,40,28.5,0,41.7,0,49.9,0,23.2,24.9,0,74.6,76.2,56.7,0,38.1,37.4,0,58.2,313.6,353.4,190.8,81.4,99,45.9,47.7,0,50.6,26,0,100.6,27.6,0,11.3,0,0.7,1.6,1.9,0.6,0.3,2.5,0.9,37.8,49.1,3,0.9,3.5,4,0,20.7,1.7,0
20210329,34641,31460,3181,10.11,378.528,255.331,0,0,94.3,95.9,94.2,94.3,75.8,76.1,0,50.5,43.9,0,44.7,44,43,0,48.6,0,49.9,0,29.7,32.7,0,74.8,76.2,60.3,60.2,55.9,55.7,0,124.5,343.6,345.8,211.9,78.8,98.4,46.8,47.5,60.3,50.5,26,0,97.2,72.2,0,11.7,0,1.4,1.3,1.7,0.5,0.3,2.5,0.9,34.2,51.1,1.4,0.9,2.4,2.9,0,15.6,0.4,81.4
20210330,35318,32056,3262,10.18,394.735,266.263,0,0,94.2,98.8,94.3,94.2,75.9,76.1,0,47.7,42.7,0,46.8,44.1,45.7,0,44.2,0,49.9,0,30.4,32.5,0,74.8,76.1,60.3,60.2,57.1,56.9,0,121.5,325.2,349.3,195.1,82.8,99,45.9,46.8,60.3,50.1,25.7,50.7,94.3,84.5,0.2,11.7,0,0.6,1.3,1.7,0.4,0.6,1.6,0.5,15,44.2,0.5,0.9,1.6,0,0,7,22.2,136.8
20210331,35323,32094,3229,10.06,395.185,266.567,0,0,94.1,98.8,94.1,94.1,75.8,76,0,47.5,43.1,0,46.7,44.1,43.6,0,43.9,0,52.6,0,39.4,38.9,0,74.7,76.1,60.2,60.2,57,56.9,0,120.1,327.8,342,195.3,82.9,99,45.9,47.5,60.3,50.4,25.9,68.4,96.8,80.9,1.49,11.7,0,1.2,1.3,1.7,0.6,3.7,1.5,0.3,26.1,63.6,1,0.8,2.5,2.8,0,15.6,0.5,76.9
20210401,35475,32005,3470,10.84,391.224,259.002,0,0,94,98.7,94,93.9,75.7,75.9,0,46.7,43.3,0,51.4,53.4,43,49.1,53.1,0,49.8,30.5,45.4,52,6.7,74.8,76.2,60.4,60.2,57,56.9,0,76.7,363.1,344.3,159.5,68.9,99,45.6,46.4,60.3,50.1,25.8,68.9,96.9,47.7,0,11.7,0,0,1.4,1.7,0.5,2.2,2.4,0.9,9.7,50.7,0.5,0.8,0.9,2.9,0,15.6,6.7,74.4
20210402,32253,29093,3160,10.86,362.503,239.989,0,0,93.5,98.5,94.1,94.2,76,76.3,0,0,42.6,0,42.2,43.9,43.1,42.8,44.1,0,49.9,33,0,37.3,32.5,74.7,76.2,60.2,60.1,47.3,47.2,0,74.1,346.2,293.5,158.5,72.8,98.9,44.7,45.2,60.3,49.4,25.9,67.1,98.3,13.6,0,11.7,0,0,1.8,2,0.7,0.3,3,1.2,25.1,52.8,0.9,0.8,1.7,4,0,15.9,0.3,1.8
20210403,30687,27630,3057,11.06,345.897,228.994,0,0,93.1,98.2,94.2,94.3,75.9,76.2,0,0,52.2,0,51.4,48.6,47.7,47.2,48.5,0,49.8,37.9,0,52,46.9,74.8,76.2,60.2,60.2,52,37.3,0,62.9,367.8,247,147.3,64.6,98.9,0,48.1,0,51,26.2,0,98.6,14.2,0,11.9,0,1,1.7,2.1,0.6,0.3,2.8,1,30,46.8,0.5,0.7,1.2,4,0,16,5.7,1.5
20210404,28213,25218,2995,11.87,316.646,209.629,0,0,92.9,98.1,94.2,94.2,76.1,76.2,0,0,33.5,0,33.1,33.6,32.9,33,34.2,0,49.8,23.6,0,25.4,0,74.9,21.5,44.4,55.5,28,27.9,0,55,330.1,299.5,162.2,81.4,74.5,0,49.3,0,52,26.8,0,51,14.1,0,11.9,0,0.9,1.5,2,0.6,0.3,2.4,0.9,29.4,68.9,1.4,0.7,3,4,0,15.7,59.7,0
20210405,28935,26063,2872,11.02,314.199,208.01,0,0,92.8,98.2,94.2,94.3,76.2,76.4,0,0,37.6,0,36.6,33.2,33.2,33.1,34.1,0,33.1,23.5,24.7,25.4,20.6,74.9,21.6,44.4,55.5,28.2,27.7,0,73.1,329.2,317.4,167.1,77.2,98,45.9,0,0,52,26.8,0,51.1,14.2,0,8.5,0,1.6,0.5,0.9,0.4,0.3,3.3,1.3,30.1,78.9,2.8,0.7,3.1,4,0,15.4,45.4,0
20210406,33031,29830,3201,10.73,354.801,234.889,0,0,92.7,98.2,78.6,94.3,76.1,76.1,0,0,52.3,2.6,51.3,53,52.8,51.5,52.9,0,50.1,23.8,25.4,37.6,37.5,75.8,76,60.2,60,42.2,42,0,74.4,351.6,300.3,148.8,82.9,98.8,45.6,43.8,60.2,51.2,0,66.6,89.5,14,0.3,11.3,0,0,0.4,0.5,0,0.3,2.6,1,23.3,33.8,0.5,0.7,1.7,4,0,15.1,65.4,1.8
20210407,33132,29885,3247,10.86,365.123,241.723,0,0,92.9,98.5,0,94.2,76.1,76.2,0,0,44.6,41.2,47,48.3,48,47.4,48.6,0,47.8,38,39.2,40.8,45.3,76,76.2,60.2,60.1,32.9,32.9,0,70,375.6,294.2,161.9,91.6,99.1,45.9,48.6,60.3,51.5,26.6,67.2,100.9,13.9,0,11.3,0,1.3,1,1.4,0.4,2.8,2.6,1,29.6,34.8,1.9,0.7,2.1,4,0,16.3,32.6,1.8
20210408,33381,30083,3298,10.96,368.734,244.114,0,0,92.7,98.5,0,94.2,76.1,76.2,0,0,43.1,38.3,42.3,43.4,43.1,42.7,43.8,0,47.8,47.5,38.5,37.4,37.4,76.1,76.2,60.2,60,29.8,32.7,0,69.6,337.9,353.6,150.4,82.1,76.5,42.1,48.8,60.2,51.5,26.8,66.6,95.5,13.6,0,11.3,0,1.2,0.5,0.9,0,2.2,2.5,0.9,20.7,33.4,0.7,0.7,3,2.8,0,15.2,68.7,66.3
20210409,32687,29476,3211,10.89,363.141,240.411,0,0,92.7,98.6,0,94.2,76.1,76.2,0,0,46.8,43.1,46.7,48.6,48.1,46.9,47.6,0,47,42,40,42,41.9,75.6,76.2,60.1,60,28,27.9,0,65.2,336.2,347.1,130.6,80.9,77.4,40.4,42.9,60.2,44.5,27.2,67,88.5,14,0,11.3,0,1.1,4.1,3.2,1.9,2.3,2,0.9,28.5,48,3.8,0.7,4,4,0,17.2,59.1,1.8
20210410,29983,27017,2966,10.98,339.065,224.472,0,0,92.6,98.6,0,94.2,76.1,76.2,0,0,47.1,40.1,46.4,46.8,46.3,46.3,46.6,0,47.7,42.6,32.8,35.5,42.1,75.9,76.4,46.3,56.4,32.8,52,0,57.4,323.8,308.7,151.8,71.1,61.6,42.7,0,60.2,0,0,66.7,48.8,14.1,0,11.2,0,1,1.1,1.5,0.6,0.3,2.9,1.1,16.4,47.5,1.4,0.7,1.5,4,0,14.8,57.9,2.3
20210411,29471,26623,2848,10.7,324.545,214.858,0,0,94,98.7,0,94.2,76,76.1,0,0,47.2,43,46.6,48.5,48,47.7,48.3,0,47.9,42.3,33.3,35.6,46.1,75.7,76.2,46.4,56.4,42.1,51.2,0,49.1,351.2,319.1,167.4,77.1,93.1,0,48.4,0,0,0,0,51.5,13.9,0,11.1,0,0.9,1.7,2,0.8,0.3,2.5,0.9,33.8,68,0.5,0.7,1.1,4,0,15.3,1.2,0
20210412,34357,31152,3205,10.29,368.924,244.239,0,0,92.4,98.6,0,94,75.9,76,0,0,49.1,45.9,48.4,48.4,48.2,47.6,48.9,0,50.6,32.8,47.7,35.4,51.6,76.1,76.2,60.2,60,52,52.1,0,67.7,351.7,310.9,148.7,78.8,99,46.1,47.2,61.3,50.9,26.4,67.2,97,27.5,0,11.1,0,1.4,1.9,2,0.4,2.1,2.8,1,25,49.1,2,0.7,1.9,2.8,0,12.6,1.4,120.4
20210413,34818,31623,3195,10.1,383.92,254.167,0,0,92,98,0,94,75.8,76,0,0,49.2,45.9,51.3,52.8,52.9,52.4,53.2,0,51.8,33.3,33.4,52,51.6,76,76.2,60.1,60,45.7,52,0,75.2,367.7,362,141.1,89.5,98.7,45.3,47.6,60.2,50.5,26.3,73.8,96.1,37.3,0,11.1,0,1.3,0,0.2,0,2,2.6,1,14.6,39.9,0.5,0.7,0,2.8,0,12.94,15.4,80.5
20210414,33845,30610,3235,10.57,377.113,249.661,0,0,91.9,98.3,0,94.2,75.8,76.1,0,0,47.4,44.8,46.9,48.4,48.1,47.6,48.2,0,47.7,33,32.9,36,42.3,75.8,76,60.1,60,32.9,32.8,0,76.1,325,355.8,137,100.5,65.2,45.9,48.8,60.2,51.4,26.6,78.5,95.9,27.3,0,12.2,0,0,0.8,1.3,0.8,2.1,2.4,0.9,27.7,39.1,0.6,0.7,1.5,2.8,0,8.6,62.4,89.2
20210415,33900,30692,3208,10.45,376.225,249.073,0,0,91.7,98.4,0,94.2,75.9,76.2,0,0,48.2,40.1,47,48.4,48.1,47.5,48.5,0,47.7,44.4,37.7,46.2,39.5,75.9,76.2,60.2,60.1,31,41.7,0,81.2,318.2,356.5,145.9,89.5,61.6,45.9,48.2,60.2,51.1,26.4,88,95.6,27.3,0,11.6,0,0,1.2,1.5,0.4,1.9,2.6,1,29.2,33,0.6,0.7,1.3,2.7,0,8.93,41.9,108.2
20210416,33989,30669,3320,10.83,377.137,249.677,0,0,91.7,98.5,0,94.3,75.9,76.1,0,0,49.3,40.1,51.3,46.63,45.93,51.22,53.12,0,52.13,35.9,35.18,50.85,49.21,76,76.2,60.2,60,32.9,32.7,0,75.93,319.95,312.2,143.53,93.03,36,45.9,48.16,60.2,50.9,26.1,95.43,96.18,27.7,0,8.5,0,1.5,0.9,1.2,0.8,0.3,2.5,0.9,15.3,43,0.6,0.7,0,0,0,5.5,29.86,184.3
20210417,30434,27551,2883,10.46,348.774,230.899,0,0,91.5,98.4,0,94.4,75.9,76.2,0,0,48.1,40.2,50.2,52.4,51.7,51.9,52.9,0,49.4,33.1,33,49.3,49.4,75.9,21.7,60.2,60.1,40.7,42.4,0,61.7,318.5,323.1,134.7,77.3,35.9,44.8,0,60.2,49.7,0,66.7,49.1,13.8,0,11.8,0,1.4,1.9,1.9,0.8,0.3,2.5,0.9,30.7,53.6,0.5,0.7,0,4,0,14.5,63.8,4.4
20210418,28991,26128,2863,10.96,325.028,215.178,0,0,91.5,98.6,0,94.4,76,76.1,0,0,47.7,40.6,46.8,48.6,47.8,47.3,48.5,0,47.7,32.9,32.8,42.4,42.4,75.9,0,56.6,56.4,37.2,47.1,0,55.5,323.1,316.3,136.5,88.3,50,0,48.9,0,51.7,26.7,0,50.4,13.8,0,11.1,0,1.8,1.8,2,0.9,0.3,2.1,0.7,29.6,67.6,0.6,0.7,1.5,4,0,14.6,53,0
20210419,33851,30760,3091,10.05,366.573,242.683,0,0,91.4,98.5,0,94.4,76,76.1,0,0,52,41.2,50.6,53.2,52.6,52.2,40.4,0,49.8,41,38.5,51.9,50.4,75.7,0,60.2,60.1,52.2,52,0,86.3,340.4,370.3,148.7,90.9,99.1,45.9,48.2,60.2,51,26.2,67,101.3,13.8,0,11.6,0,1.4,1.2,1.7,0.5,2.2,3.4,1.3,35,69.6,0.8,0.7,1.5,4,0,19.9,35.7,2.8
20210420,34546,31332,3214,10.26,380.713,252.044,0,0,91.2,98.7,0,94.2,76.1,76.2,0,0,50.9,43.1,50.9,53.1,52.6,51.8,53.4,0,52.6,42.7,42.6,51.8,50,75.8,75.9,60.3,60.1,57,52.1,0,80,330,364.4,142.7,80,77.5,45.9,47.4,60.2,50.4,25.9,67.5,84.7,13.7,0,11.6,0,0.6,0,0.1,0,3.9,2.7,1,14.5,46.2,0.6,0.7,1.5,2.8,0,17.8,14.2,108.8
20210421,35186,31884,3302,10.36,386.69,256.001,0,0,91.1,98.6,0,94.2,75.9,76,0,0,49.4,45.2,49.7,51.7,50.2,50.2,51.5,0,52.5,41.8,41.4,51.6,51.9,76,76.2,60.3,60.1,41,52,0,77.6,337,348.3,147.1,83.3,89.7,45.4,46.5,60.2,50.3,25.8,66.7,96.7,36.2,0,8.5,0,0,1.6,1.8,0.4,2.1,3.3,1.3,14.4,49.7,0.8,0.7,1.6,2.6,0,17,42.5,116.1
20210422,36050,32765,3285,10.03,396.619,262.574,0,0,90.9,98.4,0,94.2,75.9,76.1,0,0,51.2,44.1,50.4,53.2,52.7,52,52.9,0,52.6,41.5,41.2,51.8,51.7,76,76.1,60.4,60.2,52.2,52,0,79.2,337.6,376.4,142.9,95.9,98.9,44.9,45.8,60.2,50.7,26,69,97.1,57.8,0,8.5,0,2.4,0.4,0.8,0.4,2.3,3.3,1.3,43.5,60.4,0.6,0.7,1.5,2.8,0,15.3,4.5,105
20210423,35469,32135,3334,10.38,391.396,259.117,0,0,90.6,98.4,0,94.3,75.9,76.1,0,0,52,46.2,50.3,53.3,51.8,52.2,53.2,0,52.1,33.3,33.4,51.9,52,76,75.9,60.3,60.2,42.1,52.1,0,73.7,334.5,367.1,138.9,94.5,96.1,45.9,47.5,60.2,50,25.7,66.6,88.5,27.6,0,11.9,0,1.2,1.8,2.2,1.1,2.2,3.4,1.3,14.8,41.5,0.5,1.1,1.5,2.3,0,9.8,61.6,130.5
20210424,31402,28413,2989,10.52,360.757,238.833,0,0,90.4,98.3,0,94.2,76,76.2,0,0,50.7,46.4,49.1,50.4,49.5,49.3,50.8,0,48.9,33.1,32.9,51.8,37.4,76,76.2,60.4,60.2,28,52,0,63.6,315.1,301,121.8,96,45,0,0,60.2,45.2,25.9,66.7,55,27.7,0,11.9,0,1,1.5,1.8,0.7,0.3,3.1,1.2,11,0,0.6,1.1,1.4,0,0,3.7,62.5,191.4
20210425,29452,26541,2911,10.97,333.494,220.783,0,0,90.4,98.5,0,94.4,76,76.2,0,0,47.4,46.8,46.5,48.4,48.1,47.3,48.8,0,47.7,42.9,43.5,47.2,47.2,76.1,76.2,55.8,55.7,28.1,52.2,0,63,327.9,307.2,140.7,96.1,37.8,0,39.2,0,0,0,0,89.2,27.9,0,12.1,0,0.6,1.9,2.2,0.8,0.4,3,1.2,43.9,64.2,3.1,0.9,2,4,0,13,7.5,0
20210426,34525,31328,3197,10.21,373.423,247.217,0,0,90.2,98.4,0,94.3,75.9,76.1,0,0,51.9,47.6,51.1,53.4,52.8,52.1,53.3,0,52.8,44.6,45.4,51.8,52,75.9,76,60.4,60.3,36.8,56.8,0,125.4,273.2,371.8,122.2,91.2,95,45.9,47.1,60.2,50.4,26.2,68.9,101.8,27.6,0,12.3,0,0.1,2,2.2,2.9,2.2,2.9,1.2,15,49.6,1.6,0.9,1.6,2.9,0,9.2,14.5,71.1
20210427,35241,31767,3474,10.94,385.759,255.384,0,0,90.1,98.4,0,94.3,75.9,76.1,0,0,51.6,47.7,48.3,53,52.8,52.2,53.4,0,52.7,48,47.1,51.8,52,76,76.1,60.3,60.1,47.2,57,0,124.7,309.5,374.9,124.4,99.8,37.2,45.9,47.2,60.2,51,26.7,68.9,89.3,27.5,0,12,0,0.9,0.3,0.2,0,0.2,2.8,1.1,11.1,33.9,0.5,0.9,1.5,0,0,3.4,8.2,165.8
20210428,34680,31511,3169,10.06,385.048,254.914,0,0,89.9,98.3,0,94.1,75.7,75.8,0,0,52.2,48.5,49.8,52.9,52.4,52.1,53,0,51.8,47.5,47.4,52.1,52.1,75.8,75.9,60.3,60.2,42.5,56.9,0,125,293.6,379.7,133.5,99.5,99,45.9,48.4,60.2,51.2,26.7,68.9,100,27.5,0,12.3,0,1.2,0.6,0.8,0.4,2.2,2.6,1,26.9,47.2,2.1,0.9,1.5,2.8,0,9.7,3.7,38.3
20210429,33519,30223,3296,10.91,375.604,248.662,0,0,89.7,98.3,0,94.2,75.6,75.8,0,0,47.6,47.9,46.7,48.2,48,47.9,49,0,47.6,43.3,42.7,47,47.3,75.9,76.1,60.3,60.1,41.4,56.9,0,121.7,310.3,367.1,131.6,90.3,66.6,39.5,39.1,60.2,45.2,26.6,66.5,97.7,27.5,0,12.3,0,0.6,0.6,1.2,0.5,2.6,0.7,0.2,14.7,30.8,0.6,0.9,1.5,2.8,0,7,8.1,52.4
20210430,31458,28400,3058,10.77,352.959,233.67,0,0,89.7,98.4,0,94.2,75.7,76,0,0,42.9,42.8,42.2,38.3,38.6,38.1,39.1,0,37.8,38.3,39.8,52,52,76,76.2,60.3,60.3,56.4,56.9,0,120.3,283.9,371,143.7,95,32.6,45.9,0,60.2,50.6,26.5,66.7,50.7,27.1,0,11.8,0,1.3,1.4,1.8,0.7,0.4,0.6,0.2,31,30.9,4,0.9,4,4,0,15.1,1.4,5.4
